{
  "svm": {
    "best_params": {
      "C": 1,
      "gamma": "scale",
      "kernel": "linear"
    },
    "accuracy": 0.9666666666666667,
    "inference_time": 56.012343099999725,
    "memory_usage": 105951232,
    "report": {
      "Arborio": {
        "precision": 0.9656796769851952,
        "recall": 0.9566666666666667,
        "f1-score": 0.9611520428667113,
        "support": 3000.0
      },
      "Basmati": {
        "precision": 0.9640456989247311,
        "recall": 0.9563333333333334,
        "f1-score": 0.9601740294511378,
        "support": 3000.0
      },
      "Ipsala": {
        "precision": 0.9933532735127949,
        "recall": 0.9963333333333333,
        "f1-score": 0.9948410717257448,
        "support": 3000.0
      },
      "Jasmine": {
        "precision": 0.946914399469144,
        "recall": 0.9513333333333334,
        "f1-score": 0.949118722979714,
        "support": 3000.0
      },
      "Karacadag": {
        "precision": 0.9633542423241994,
        "recall": 0.9726666666666667,
        "f1-score": 0.967988057721015,
        "support": 3000.0
      },
      "accuracy": 0.9666666666666667,
      "macro avg": {
        "precision": 0.9666694582432129,
        "recall": 0.9666666666666668,
        "f1-score": 0.9666547849488645,
        "support": 15000.0
      },
      "weighted avg": {
        "precision": 0.966669458243213,
        "recall": 0.9666666666666667,
        "f1-score": 0.9666547849488647,
        "support": 15000.0
      }
    },
    "conf_mat": [
      [
        2870,
        0,
        0,
        19,
        111
      ],
      [
        0,
        2869,
        0,
        131,
        0
      ],
      [
        1,
        0,
        2989,
        10,
        0
      ],
      [
        19,
        107,
        20,
        2854,
        0
      ],
      [
        82,
        0,
        0,
        0,
        2918
      ]
    ]
  },
  "rf": {
    "best_params": {
      "max_depth": null,
      "max_features": "sqrt",
      "n_estimators": 100
    },
    "accuracy": 0.9766,
    "inference_time": 0.7262090000003809,
    "memory_usage": 106524672,
    "report": {
      "Arborio": {
        "precision": 0.9686128923388457,
        "recall": 0.9566666666666667,
        "f1-score": 0.9626027167533121,
        "support": 3000.0
      },
      "Basmati": {
        "precision": 0.9728136259416967,
        "recall": 0.99,
        "f1-score": 0.9813315711217578,
        "support": 3000.0
      },
      "Ipsala": {
        "precision": 0.9976635514018691,
        "recall": 0.9963333333333333,
        "f1-score": 0.9969979986657772,
        "support": 3000.0
      },
      "Jasmine": {
        "precision": 0.9801145938658578,
        "recall": 0.9693333333333334,
        "f1-score": 0.9746941511647395,
        "support": 3000.0
      },
      "Karacadag": {
        "precision": 0.9639192320423701,
        "recall": 0.9706666666666667,
        "f1-score": 0.9672811825278192,
        "support": 3000.0
      },
      "accuracy": 0.9766,
      "macro avg": {
        "precision": 0.9766247791181278,
        "recall": 0.9766,
        "f1-score": 0.9765815240466811,
        "support": 15000.0
      },
      "weighted avg": {
        "precision": 0.9766247791181278,
        "recall": 0.9766,
        "f1-score": 0.9765815240466811,
        "support": 15000.0
      }
    },
    "conf_mat": [
      [
        2870,
        0,
        0,
        21,
        109
      ],
      [
        0,
        2970,
        0,
        30,
        0
      ],
      [
        3,
        0,
        2989,
        8,
        0
      ],
      [
        2,
        83,
        7,
        2908,
        0
      ],
      [
        88,
        0,
        0,
        0,
        2912
      ]
    ]
  },
  "knn": {
    "best_params": {
      "n_neighbors": 4,
      "weights": "uniform"
    },
    "accuracy": 0.9636,
    "inference_time": 22.546312899999975,
    "memory_usage": 4845568,
    "report": {
      "Arborio": {
        "precision": 0.9655638082376773,
        "recall": 0.9533333333333334,
        "f1-score": 0.959409594095941,
        "support": 3000.0
      },
      "Basmati": {
        "precision": 0.9324667089410272,
        "recall": 0.9803333333333333,
        "f1-score": 0.9558011049723757,
        "support": 3000.0
      },
      "Ipsala": {
        "precision": 0.9886968085106383,
        "recall": 0.9913333333333333,
        "f1-score": 0.9900133155792277,
        "support": 3000.0
      },
      "Jasmine": {
        "precision": 0.9751243781094527,
        "recall": 0.9146666666666666,
        "f1-score": 0.9439284485724114,
        "support": 3000.0
      },
      "Karacadag": {
        "precision": 0.9585238406270411,
        "recall": 0.9783333333333334,
        "f1-score": 0.9683272847245133,
        "support": 3000.0
      },
      "accuracy": 0.9636,
      "macro avg": {
        "precision": 0.9640751088851675,
        "recall": 0.9635999999999999,
        "f1-score": 0.9634959495888937,
        "support": 15000.0
      },
      "weighted avg": {
        "precision": 0.9640751088851673,
        "recall": 0.9636,
        "f1-score": 0.9634959495888938,
        "support": 15000.0
      }
    },
    "conf_mat": [
      [
        2860,
        0,
        0,
        13,
        127
      ],
      [
        0,
        2941,
        8,
        51,
        0
      ],
      [
        17,
        3,
        2974,
        6,
        0
      ],
      [
        20,
        210,
        26,
        2744,
        0
      ],
      [
        65,
        0,
        0,
        0,
        2935
      ]
    ]
  }
}