{
  "svm": {
    "best_params": {
      "C": 1,
      "gamma": "scale",
      "kernel": "linear"
    },
    "accuracy": 0.9295333333333333,
    "inference_time": 8.417535000000044,
    "memory_usage": 344064,
    "report": {
      "Arborio": {
        "precision": 0.913491246138002,
        "recall": 0.887,
        "f1-score": 0.900050735667174,
        "support": 3000.0
      },
      "Basmati": {
        "precision": 0.9595182335229173,
        "recall": 0.956,
        "f1-score": 0.9577558857906161,
        "support": 3000.0
      },
      "Ipsala": {
        "precision": 0.9697682230433322,
        "recall": 0.9623333333333334,
        "f1-score": 0.9660364731470638,
        "support": 3000.0
      },
      "Jasmine": {
        "precision": 0.9448416751787538,
        "recall": 0.925,
        "f1-score": 0.9348155634158666,
        "support": 3000.0
      },
      "Karacadag": {
        "precision": 0.864321608040201,
        "recall": 0.9173333333333333,
        "f1-score": 0.890038809831824,
        "support": 3000.0
      },
      "accuracy": 0.9295333333333333,
      "macro avg": {
        "precision": 0.9303881971846412,
        "recall": 0.9295333333333333,
        "f1-score": 0.9297394935705089,
        "support": 15000.0
      },
      "weighted avg": {
        "precision": 0.9303881971846414,
        "recall": 0.9295333333333333,
        "f1-score": 0.9297394935705089,
        "support": 15000.0
      }
    },
    "conf_mat": [
      [
        2661,
        1,
        20,
        15,
        303
      ],
      [
        0,
        2868,
        1,
        123,
        8
      ],
      [
        24,
        1,
        2887,
        21,
        67
      ],
      [
        21,
        118,
        32,
        2775,
        54
      ],
      [
        207,
        1,
        37,
        3,
        2752
      ]
    ]
  },
  "rf": {
    "best_params": {
      "max_depth": null,
      "max_features": "sqrt",
      "n_estimators": 100
    },
    "accuracy": 0.9264666666666667,
    "inference_time": 0.23898920000010548,
    "memory_usage": 180224,
    "report": {
      "Arborio": {
        "precision": 0.9179206566347469,
        "recall": 0.8946666666666667,
        "f1-score": 0.9061444969615124,
        "support": 3000.0
      },
      "Basmati": {
        "precision": 0.9464524765729585,
        "recall": 0.9426666666666667,
        "f1-score": 0.9445557782231129,
        "support": 3000.0
      },
      "Ipsala": {
        "precision": 0.9687919463087248,
        "recall": 0.9623333333333334,
        "f1-score": 0.965551839464883,
        "support": 3000.0
      },
      "Jasmine": {
        "precision": 0.9339267374186923,
        "recall": 0.9093333333333333,
        "f1-score": 0.9214659685863874,
        "support": 3000.0
      },
      "Karacadag": {
        "precision": 0.86915594603075,
        "recall": 0.9233333333333333,
        "f1-score": 0.8954258930014547,
        "support": 3000.0
      },
      "accuracy": 0.9264666666666667,
      "macro avg": {
        "precision": 0.9272495525931745,
        "recall": 0.9264666666666667,
        "f1-score": 0.92662879524747,
        "support": 15000.0
      },
      "weighted avg": {
        "precision": 0.9272495525931745,
        "recall": 0.9264666666666667,
        "f1-score": 0.9266287952474702,
        "support": 15000.0
      }
    },
    "conf_mat": [
      [
        2684,
        2,
        20,
        11,
        283
      ],
      [
        0,
        2828,
        9,
        155,
        8
      ],
      [
        17,
        1,
        2887,
        27,
        68
      ],
      [
        18,
        157,
        39,
        2728,
        58
      ],
      [
        205,
        0,
        25,
        0,
        2770
      ]
    ]
  },
  "knn": {
    "best_params": {
      "n_neighbors": 4,
      "weights": "uniform"
    },
    "accuracy": 0.8758666666666667,
    "inference_time": 1.7128695000001244,
    "memory_usage": 4702208,
    "report": {
      "Arborio": {
        "precision": 0.7841463414634147,
        "recall": 0.8573333333333333,
        "f1-score": 0.8191082802547771,
        "support": 3000.0
      },
      "Basmati": {
        "precision": 0.9043862417166298,
        "recall": 0.9553333333333334,
        "f1-score": 0.9291619387258875,
        "support": 3000.0
      },
      "Ipsala": {
        "precision": 0.9169381107491856,
        "recall": 0.9383333333333334,
        "f1-score": 0.9275123558484349,
        "support": 3000.0
      },
      "Jasmine": {
        "precision": 0.9432703003337041,
        "recall": 0.848,
        "f1-score": 0.8931016324381253,
        "support": 3000.0
      },
      "Karacadag": {
        "precision": 0.8408764367816092,
        "recall": 0.7803333333333333,
        "f1-score": 0.8094744121715076,
        "support": 3000.0
      },
      "accuracy": 0.8758666666666667,
      "macro avg": {
        "precision": 0.8779234862089087,
        "recall": 0.8758666666666667,
        "f1-score": 0.8756717238877464,
        "support": 15000.0
      },
      "weighted avg": {
        "precision": 0.8779234862089087,
        "recall": 0.8758666666666667,
        "f1-score": 0.8756717238877466,
        "support": 15000.0
      }
    },
    "conf_mat": [
      [
        2572,
        3,
        94,
        12,
        319
      ],
      [
        5,
        2866,
        11,
        110,
        8
      ],
      [
        93,
        2,
        2815,
        29,
        61
      ],
      [
        39,
        298,
        64,
        2544,
        55
      ],
      [
        571,
        0,
        86,
        2,
        2341
      ]
    ]
  }
}